video_name,category
Video 1: Yqgvyfam Jlalaeg Nmor,vlog
Video 2: Sahafdsu Ozhujbk Mdrlqsh,animals
Video 3: Gdju Sjnoqy Rooxr,technology
Video 4: Yimepnl Jgcwb Kwxjokse,food
Video 5: Fllp Hzna Jofxjlj,technology
Video 6: Vfnsvzkp Lcruu Gbypkrhy,review
Video 7: Iudtu Yrcqq Tomtw,news
Video 8: Jjlsufgl Gayyos Ogdf,traveling
Video 9: Ujsvqca Vrgaeg Ejelvz,technology
Video 10: Qdgplrj Ohilbmn Ueyh,education
Video 11: Lwepp Lgpfpsph Ujljx,celebrity
Video 12: Olaqzsc Dsrhqqxt Ditt,entertainment
Video 13: Mqygqkl Aeeb Sbrfu,education
Video 14: Brdiient Yjpfj Kiauiuzt,sports
Video 15: Qpfn Tabvqd Gfmd,animals
Video 16: Sltokdn Rfui Oamyuya,celebrity
Video 17: Bhjschd Hjtex Fuogfc,flowers
Video 18: Gctuq Crfgq Dotruulb,technology
Video 19: Qnpnai Uahs Fwbi,news
Video 20: Tufvdbmc Zjtcu Rbmyp,food
Video 21: Rddilws Oidx Uyjlne,fashion
Video 22: Hfjoxqh Jcre Pstj,review
Video 23: Lxdkepgc Vvvqr Tadg,review
Video 24: Eabbgwlp Qbgmzj Hlswh,entertainment
Video 25: Pcoojjjm Gsvzzrd Puntegpp,music
Video 26: Farbjxz Wkggcdbo Adtllmpb,food
Video 27: Bxjescvc Wayado Cfkxhp,news
Video 28: Bzmvqiuv Grlaxi Pcoh,flowers
Video 29: Qxhh Liticp Gxlnqev,lifestyle
Video 30: Uvyrveu Ocxasjp Gnelc,review
Video 31: Aosz Encvtew Ejehvko,gaming
Video 32: Feeprupz Rrqrir Knrcccp,celebrity
Video 33: Fqvysh Gjghtff Xxbf,fitness
Video 34: Zyclpvcg Xdauml Nwguc,sports
Video 35: Rncivr Jopn Tkezcbq,nature
Video 36: Cnhmhuj Whmzata Mdyvrmh,gaming
Video 37: Twwa Gponb Fbtuhguv,food
Video 38: Zvuaiwfd Ydonquk Hxzl,vlog
Video 39: Rnzvsxa Kkxz Optnml,fashion
Video 40: Bduhorls Arzla Zgbmvzen,fitness
Video 41: Hikvqg Fgwdlb Keev,fashion
Video 42: Eknpph Nkves Omqp,nature
Video 43: Jkbrvpnf Meixfmi Jxtojnce,flowers
Video 44: Qilbz Kyqvpg Ttetk,lifestyle
Video 45: Qaxkouv Tdqjq Mmaqht,celebrity
Video 46: Oenaxov Zsmbehy Mwvumrd,traveling
Video 47: Etednmx Fqmqle Haau,news
Video 48: Bwzluudd Dirhxqf Xpoqusq,gaming
Video 49: Zqqhtmg Midgdu Zsipyycl,animals
Video 50: Syvz Awbtgm Qpme,traveling
Video 51: Ftev Srsr Ipmf,education
Video 52: Naazlsx Ptnra Wickny,entertainment
Video 53: Mpxpw Wubif Ynxbrp,traveling
Video 54: Popiy Qkiby Dhsoojbt,comedy
Video 55: Dwjfmvax Orbkwt Eryg,news
Video 56: Iiypyke Ghhipw Denv,animals
Video 57: Eyges Fqysqrb Hlerzt,vlog
Video 58: Fusbcs Npsrucw Jydjhr,comedy
Video 59: Bmibr Xqmocfuf Jmso,animals
Video 60: Pcgfbkyb Fmxwowx Bfjlok,music
Video 61: Paljchza Gkqikcir Bbajxt,sports
Video 62: Pchcevf Ulrxuzol Htucd,technology
Video 63: Ndsjbbcv Lixoisn Nhxih,comedy
Video 64: Pxvzsinr Zywo Aymmdv,cooking
Video 65: Allbou Jobcd Ehvlykf,gaming
Video 66: Jkrkykml Kreh Gngggnb,fitness
Video 67: Hltjb Hknhesi Trbxyja,fashion
Video 68: Uqmiqg Svceu Rtrqsss,traveling
Video 69: Lsjllj Yxtgv Huhbshei,fashion
Video 70: Kprwxw Oafrobx Xvnwi,news
Video 71: Hfpwui Azefoduv Cciomj,news
Video 72: Koot Yylwmvnf Sukada,celebrity
Video 73: Cqocbv Jdiqzaje Zkvyf,news
Video 74: Bccfs Hvme Ihcx,news
Video 75: Hisbj Uotg Vgkrr,review
Video 76: Xzoqwin Fwfhxi Kanbrm,animals
Video 77: Ahpwjea Qotsu Siruc,technology
Video 78: Xnpo Vqcl Mkdvsas,traveling
Video 79: Twmxf Etdcwzy Rvdmy,review
Video 80: Htknwv Hmuozm Zqftls,gaming
Video 81: Lfqweif Dtqg Nxgdexd,music
Video 82: Pxzfoml Caas Xvtppvy,gaming
Video 83: Jxuxz Wtvm Kpleeioj,technology
Video 84: Pzkpijck Mtzgc Zfmohm,comedy
Video 85: Bdjmrzx Spomjasy Xctd,vlog
Video 86: Zvwgjuto Zuga Kjeen,nature
Video 87: Cgvhee Muyit Zsnbj,cooking
Video 88: Lukkts Yomlmkn Isgkgn,fashion
Video 89: Yikvzbd Mnnua Yccgmxub,review
Video 90: Pwgjyw Hvjfzib Zndcz,celebrity
Video 91: Mdvar Zoxqiq Lqkrahr,animals
Video 92: Oxtv Dzyxd Ypmzxpjq,lifestyle
Video 93: Skkkil Tuyy Puxro,music
Video 94: Mqarxq Uvvail Nrycww,vlog
Video 95: Nvcvx Ivumbwdw Tigugzdz,news
Video 96: Mexyejr Ytxz Jfyuined,technology
Video 97: Ukajw Udyorc Dbxufkj,music
Video 98: Admdvl Rdneudku Vibpu,cooking
Video 99: Fmqj Kxct Gayev,news
Video 100: Mjvsp Yspuv Qrsn,news
